gesture,ax,ay,az,gx,gy,gz
basket,"[63805, 61978, 63079, 64524, 64633, 64586, 64473, 64267, 64156, 64291, 64508, 64982, 65176, 65404, 2, 193, 407, 384, 381, 549, 409, 265, 34, 65153, 64895, 64872, 65104, 65335, 65461, 65520, 65465, 65392, 65419, 65439, 65497, 73, 176, 240, 327, 476, 422, 461, 384, 169, 65518, 65452, 65181, 64989, 65101, 65048, 64773, 64704, 64702, 64846, 64976, 65037, 65085, 65079, 65046, 65038]","[64751, 63957, 1018, 65138, 65308, 65479, 65450, 33, 64, 65480, 114, 57, 110, 65465, 65457, 65398, 65391, 65379, 65385, 65414, 65421, 65434, 65355, 65454, 65376, 65125, 211, 65332, 65452, 65321, 65445, 65467, 65439, 65444, 65458, 65443, 65364, 8, 65488, 65476, 21, 65501, 52, 168, 365, 392, 428, 473, 588, 283, 426, 371, 353, 501, 409, 196, 38, 22, 49, 64]","[64085, 64932, 379, 500, 110, 170, 236, 102, 60, 234, 406, 382, 366, 120, 65486, 65184, 65054, 65046, 64910, 64909, 64898, 64938, 64893, 65117, 65234, 490, 866, 773, 533, 513, 532, 482, 364, 259, 190, 128, 95, 62, 3, 11, 65529, 53, 24, 186, 284, 402, 464, 482, 395, 227, 78, 22, 65494, 65508, 65507, 30, 53, 75, 112, 86]","[57449, 48664, 61072, 64481, 5597, 59529, 3347, 6353, 2200, 3695, 5147, 3441, 1475, 1193, 64786, 64608, 63891, 63294, 63404, 63731, 64011, 64703, 177, 61722, 55400, 57403, 59078, 633, 595, 62976, 221, 426, 1367, 2780, 2045, 1617, 3691, 4693, 4871, 6448, 7193, 7256, 10734, 10254, 6076, 1189, 969, 7277, 5045, 4412, 7467, 8576, 10412, 6684, 64872, 59690, 59455, 62714, 77, 65334]","[25000, 25000, 25000, 62669, 59295, 60386, 53469, 43540, 40536, 40536, 40536, 40536, 40536, 42130, 43462, 46021, 51583, 56310, 59505, 595, 6751, 14664, 25000, 25000, 25000, 24061, 10782, 64342, 63760, 65406, 63769, 61206, 57847, 54972, 53210, 52937, 56384, 57644, 59616, 63912, 620, 4805, 7798, 11599, 9945, 10532, 9965, 4974, 1836, 3243, 3581, 2792, 1824, 1347, 813, 393, 369, 740, 536, 65446]","[41518, 43028, 52826, 3612, 5006, 64091, 5752, 10256, 11709, 11760, 10803, 12778, 12617, 12766, 10881, 9033, 6910, 4372, 1338, 64520, 61112, 60856, 57950, 58712, 58160, 57463, 58887, 1874, 1429, 65187, 854, 2101, 3782, 4718, 4447, 4140, 4258, 2945, 2059, 65068, 62140, 60993, 55910, 51829, 49405, 49319, 50990, 51615, 52932, 51547, 48702, 50415, 54186, 57467, 63755, 2303, 1439, 722, 719, 395]"
basket,"[64297, 61986, 63307, 64388, 64490, 64667, 64503, 64401, 64263, 64414, 64679, 64804, 64952, 65131, 65335, 10, 194, 244, 329, 286, 342, 173, 65488, 65245, 64795, 64636, 64776, 64814, 65188, 65399, 65384, 65332, 65451, 65511, 65505, 65475, 65466, 65445, 12, 17, 178, 250, 342, 470, 449, 611, 362, 65524, 65253, 65019, 64868, 64607, 64645, 64645, 64476, 64512, 64838, 64995, 65071, 65064]","[64912, 63862, 753, 65407, 64759, 65300, 65461, 65380, 65420, 14, 159, 211, 9, 57, 65529, 65487, 65404, 65343, 65323, 65345, 65338, 65408, 65496, 65473, 65428, 65201, 65248, 208, 65373, 65414, 65431, 65492, 65443, 65494, 65494, 65520, 65374, 65444, 14, 7, 65523, 65525, 32, 65470, 65477, 65505, 65426, 76, 70, 244, 148, 556, 514, 245, 246, 559, 473, 213, 65441, 82]","[63808, 64131, 194, 224, 303, 110, 321, 217, 368, 406, 565, 592, 326, 103, 65389, 65211, 64959, 64849, 64771, 64733, 64600, 64628, 64881, 65016, 65052, 65315, 517, 1260, 744, 530, 606, 619, 512, 462, 430, 389, 344, 297, 229, 159, 134, 111, 68, 34, 65519, 65466, 65435, 3, 68, 374, 427, 320, 139, 65521, 65474, 65507, 65444, 65500, 88, 51]","[55678, 50341, 57710, 59578, 2272, 376, 5501, 6846, 8272, 9656, 6366, 2457, 869, 64516, 61777, 62194, 63782, 62831, 64311, 65383, 115, 64921, 63757, 61661, 59553, 49524, 53681, 61988, 5853, 60638, 63551, 979, 462, 65063, 65107, 629, 3270, 4454, 1519, 65195, 827, 2259, 1304, 3160, 6286, 8294, 15601, 14730, 8800, 4379, 7857, 10747, 7473, 8471, 15382, 7792, 64773, 62870, 65073, 3703]","[25000, 25000, 25000, 63000, 55676, 60049, 53920, 45054, 40536, 40536, 40536, 40536, 40536, 40536, 40536, 42809, 47564, 52350, 57506, 61702, 917, 9332, 16343, 24858, 25000, 25000, 25000, 12514, 61959, 63881, 1259, 63850, 60417, 59342, 60599, 59094, 58307, 56889, 56226, 55845, 57234, 59444, 61789, 64808, 2582, 6988, 14393, 14642, 12525, 13485, 10377, 6208, 4279, 3260, 4442, 2657, 64787, 65260, 417, 740]","[45769, 45540, 47602, 1202, 4632, 1915, 2776, 5510, 7320, 9347, 11357, 12369, 12168, 11403, 10486, 8610, 7272, 4431, 1178, 63095, 60776, 56906, 56061, 57972, 58271, 59141, 55420, 64557, 4864, 62928, 64120, 1577, 1196, 435, 1376, 2927, 4645, 4223, 2476, 2014, 2974, 3379, 3352, 2699, 503, 64013, 59459, 53177, 48285, 45316, 48012, 48155, 50034, 52672, 52497, 53659, 60058, 930, 1253, 65131]"
basket,"[64050, 61612, 63089, 64819, 64820, 64767, 64790, 64720, 64702, 64534, 64526, 64498, 64646, 64839, 65139, 65146, 65482, 65431, 158, 291, 460, 431, 513, 454, 217, 65524, 65144, 64761, 64872, 65237, 65371, 65517, 65362, 65366, 65489, 65491, 65465, 65432, 65499, 65427, 65516, 0, 168, 158, 279, 215, 112, 65333, 65101, 64936, 64705, 64435, 64245, 64230, 64573, 64837, 64942, 65085, 65092, 65011]","[64831, 63904, 1378, 64862, 65436, 65391, 65495, 73, 65482, 65391, 65381, 172, 185, 303, 288, 288, 43, 65492, 65405, 65355, 65320, 65225, 65325, 65417, 65401, 65477, 9, 65366, 65526, 85, 65519, 65461, 65507, 65513, 65488, 65515, 5, 5, 65494, 65427, 65482, 65446, 65380, 65454, 116, 121, 12, 216, 426, 140, 537, 516, 442, 477, 705, 457, 275, 122, 140, 169]","[64757, 64806, 1029, 132, 65419, 97, 18, 18, 65518, 41, 96, 296, 442, 607, 546, 556, 204, 65534, 65238, 65025, 64781, 64863, 64967, 65051, 65143, 65092, 65142, 65408, 594, 1025, 480, 369, 654, 572, 443, 453, 448, 375, 275, 211, 150, 105, 95, 88, 45, 65528, 72, 23, 247, 173, 8, 65510, 65374, 65313, 65402, 65379, 1, 65469, 65459, 65458]","[58259, 48645, 52568, 7473, 1680, 61324, 6883, 553, 63225, 2999, 9192, 6366, 2732, 2294, 602, 1360, 64728, 65030, 65347, 100, 92, 63830, 605, 63988, 64546, 1147, 62469, 51279, 56975, 59988, 4763, 59314, 64133, 299, 65177, 64257, 64471, 65022, 81, 2330, 2771, 2072, 5310, 7704, 7891, 5535, 9850, 14495, 9599, 11474, 15409, 11125, 11674, 11152, 7948, 2206, 7313, 3305, 1560, 64449]","[25000, 25000, 25000, 58371, 4570, 5407, 63296, 57744, 51149, 45474, 43222, 43935, 43652, 41349, 44601, 43519, 42408, 41599, 44883, 49787, 56485, 64534, 3577, 8198, 13100, 19276, 25000, 25000, 25000, 4989, 59004, 1215, 2379, 62904, 63464, 64174, 63441, 60901, 58350, 58330, 57291, 58556, 61862, 936, 1658, 3386, 8334, 11927, 13072, 9936, 5649, 8233, 2347, 65187, 2996, 4144, 1396, 64934, 603, 292]","[43800, 40536, 49794, 5098, 64522, 63640, 5186, 3989, 4319, 8587, 11924, 13158, 13344, 13207, 12434, 13883, 13019, 12448, 10664, 7739, 4860, 360, 61714, 59332, 56896, 56157, 54845, 56572, 52305, 63164, 3467, 62594, 64476, 1040, 633, 434, 1350, 2885, 4661, 6099, 5697, 5345, 5652, 3398, 65437, 62441, 60490, 55687, 52058, 50432, 47639, 46272, 48710, 50140, 52302, 60308, 4717, 4401, 65111, 65115]"
bowling,"[63479, 63057, 63752, 63847, 64058, 64388, 64600, 64901, 65070, 65191, 65325, 65414, 65447, 65491, 65507, 65507, 65380, 65241, 64908, 64497, 64030, 63559, 63069, 63076, 63378, 63774, 64201, 64583, 64794, 65106, 65371, 65533, 112, 163, 184, 193, 178, 165, 133, 96, 70, 10, 65482, 65453, 65397, 65272, 65247, 65068, 65029, 64980, 65020, 64944, 64865, 64948, 65047, 65055, 65033, 65027, 65032, 65072]","[65098, 64580, 65444, 65343, 65163, 65375, 65512, 65529, 65490, 65, 120, 43, 187, 189, 145, 202, 173, 48, 62, 65456, 65121, 65338, 65491, 65367, 65439, 65439, 65380, 65516, 65457, 65509, 0, 121, 169, 196, 185, 213, 172, 191, 153, 140, 176, 124, 146, 124, 118, 234, 321, 413, 415, 489, 375, 615, 413, 357, 254, 186, 205, 211, 181, 180]","[65514, 64412, 64420, 65149, 65202, 65204, 65312, 65387, 65498, 51, 50, 36, 12, 65446, 65379, 65378, 65396, 65447, 65399, 65384, 65218, 65155, 65204, 65447, 9, 65464, 65435, 65390, 65454, 65520, 34, 5, 65471, 65463, 65460, 65427, 65414, 65420, 65384, 65378, 65344, 65301, 65267, 65197, 65096, 65032, 65059, 64982, 65018, 65124, 65172, 65365, 65425, 65436, 65433, 65440, 65471, 65465, 65439, 65410]","[11616, 25000, 16000, 5706, 8030, 9608, 4396, 1320, 1995, 2380, 1208, 2641, 3255, 65210, 65514, 63520, 61558, 62676, 62360, 60093, 57683, 62376, 59012, 56948, 63333, 59219, 60319, 62186, 62343, 65285, 64992, 193, 64095, 64435, 65306, 65405, 65269, 342, 65373, 1592, 1339, 1430, 2510, 1053, 1600, 64260, 60648, 54402, 55528, 53969, 59610, 58636, 60969, 64561, 716, 2951, 4160, 2863, 2179, 1964]","[40536, 40536, 40536, 45112, 46026, 50283, 52643, 54361, 57514, 57843, 58430, 60434, 61065, 62384, 64801, 2615, 5660, 8349, 10894, 13839, 17735, 24184, 25000, 25000, 25000, 25000, 21094, 16678, 15107, 11322, 7895, 5851, 3720, 2642, 1653, 60, 64954, 64561, 63251, 62391, 60862, 59559, 58859, 56367, 55262, 54904, 55066, 54370, 55285, 58243, 60345, 64801, 62498, 59437, 62285, 65416, 1145, 433, 64368, 64202]","[56504, 62778, 61220, 64685, 63052, 63665, 64586, 64159, 63959, 63998, 64165, 64880, 64525, 65405, 710, 561, 1365, 2451, 3215, 5557, 4547, 4199, 5447, 6712, 5825, 3556, 3964, 3914, 3856, 3434, 2423, 1035, 269, 78, 261, 65504, 65283, 65092, 64787, 65109, 64441, 64381, 64127, 63540, 62459, 60379, 58999, 55797, 55977, 54619, 55259, 54760, 58436, 61466, 63589, 63032, 62439, 63345, 63934, 64579]"
bowling,"[63705, 62963, 0, 63861, 63976, 64215, 64520, 64810, 65093, 65269, 65369, 65475, 65519, 65483, 65421, 65200, 65038, 64624, 64264, 63880, 63620, 63470, 63543, 63642, 63937, 64288, 64633, 64818, 65142, 65382, 27, 121, 171, 183, 208, 159, 132, 42, 139, 29, 115, 65501, 6, 65421, 65410, 65274, 65222, 65205, 65016, 64969, 64963, 64894, 64886, 64957, 64989, 64996, 65025, 65000, 65035, 65040]","[64976, 64634, 0, 65339, 65468, 65278, 65372, 28, 42, 65509, 34, 132, 69, 110, 169, 80, 65524, 65520, 65374, 65241, 65422, 65429, 65433, 75, 65482, 65364, 24, 10, 65500, 65532, 149, 138, 175, 177, 163, 192, 155, 188, 123, 264, 186, 245, 244, 284, 336, 390, 499, 579, 475, 437, 269, 295, 340, 426, 397, 351, 311, 366, 104, 73]","[65417, 64644, 0, 64837, 65400, 65381, 65314, 65311, 65385, 65455, 65423, 65381, 65385, 65283, 65326, 65401, 65340, 65369, 65534, 65514, 65451, 65403, 65443, 65438, 65395, 65398, 65503, 65441, 30, 65523, 65474, 65466, 65416, 65410, 65376, 65391, 65378, 65383, 65388, 65314, 65312, 65211, 65129, 65080, 65119, 65143, 65159, 65254, 65325, 65388, 65437, 65506, 65500, 65483, 65487, 65521, 17, 57, 65517, 65483]","[12656, 21944, 0, 8818, 1111, 64352, 3563, 1010, 64799, 1097, 1760, 1342, 64613, 65437, 64269, 61925, 65050, 62395, 61129, 61039, 60622, 57810, 60205, 61967, 58304, 61408, 63283, 65447, 64828, 65129, 64250, 63620, 65376, 64229, 64772, 63623, 64238, 64558, 561, 766, 65533, 1611, 62786, 60956, 57866, 57270, 58339, 55007, 56365, 57174, 59753, 1478, 4405, 3496, 1686, 1595, 4754, 3327, 623, 2042]","[41628, 40536, 0, 40536, 48706, 48610, 51603, 54153, 56422, 58632, 59212, 61764, 63557, 761, 4834, 6727, 9877, 14313, 17893, 19197, 21921, 22048, 25000, 25000, 25000, 22052, 17886, 14363, 12714, 9477, 5962, 3988, 1969, 833, 699, 420, 64835, 63800, 62804, 61235, 60342, 58088, 55274, 56347, 57562, 59424, 56971, 61314, 62698, 62939, 64473, 143, 65077, 63946, 64, 1535, 2101, 1982, 168, 64509]","[64435, 7218, 0, 3157, 3398, 1209, 65076, 64845, 65104, 65439, 64260, 232, 64921, 65092, 65480, 827, 1326, 677, 1638, 713, 1390, 3586, 4520, 3653, 3384, 3572, 3136, 4477, 3127, 737, 396, 65355, 9, 65051, 64845, 63972, 64026, 63807, 63787, 63346, 63060, 62902, 62090, 60394, 57438, 56122, 53340, 53493, 53002, 52924, 53498, 55463, 57687, 59260, 61703, 63824, 65332, 2042, 3215, 1789]"
bowling,"[63567, 63036, 63367, 63873, 64068, 64173, 64486, 64486, 64941, 65154, 65317, 65419, 65463, 65390, 65283, 65126, 64912, 64718, 64358, 64061, 63715, 63482, 63387, 63566, 64000, 64403, 64671, 64960, 65263, 65452, 54, 128, 183, 199, 200, 133, 109, 40, 91, 65519, 54, 65479, 65426, 65412, 65308, 65259, 65153, 65036, 65043, 64970, 64917, 64942, 64988, 65008, 65027, 65048, 65049, 65057, 65066, 65045]","[64859, 64846, 64967, 65177, 65286, 65275, 65317, 65317, 65477, 37, 105, 146, 87, 180, 127, 21, 65453, 65448, 65279, 65282, 65315, 65495, 52, 65503, 65424, 65478, 65501, 65430, 65467, 65528, 38, 122, 146, 144, 213, 168, 176, 173, 156, 217, 206, 295, 288, 349, 538, 322, 593, 457, 549, 414, 423, 390, 309, 293, 251, 194, 164, 179, 142, 114]","[65370, 64551, 64540, 64805, 65289, 65343, 65377, 65377, 65382, 65311, 65213, 65190, 65233, 65289, 65344, 65417, 65502, 65363, 65220, 65041, 64855, 64843, 64891, 65004, 65179, 65263, 65341, 65449, 65476, 65508, 65506, 65475, 65444, 65421, 65419, 65400, 65405, 65387, 65369, 65306, 65272, 65230, 65213, 65154, 65147, 65096, 65194, 65197, 65271, 65318, 65343, 65345, 65350, 65385, 65411, 65431, 65440, 65438, 65441, 65448]","[13057, 14021, 14896, 6303, 1538, 2214, 4769, 4769, 4177, 3598, 1150, 64525, 64796, 64577, 60367, 60350, 60437, 61321, 60848, 62523, 63210, 63158, 58221, 55454, 57909, 61151, 61476, 62755, 64307, 64198, 64666, 65020, 64532, 65402, 65009, 64087, 64907, 64713, 64725, 64679, 65395, 890, 63661, 635, 61393, 60982, 62667, 60624, 62110, 62360, 64449, 62855, 63943, 714, 1803, 2227, 3510, 2974, 1490, 1258]","[40536, 40536, 40536, 45962, 52040, 51226, 51502, 51502, 55077, 55589, 58487, 62299, 258, 3666, 6477, 9327, 11622, 11530, 13449, 16933, 21328, 25000, 25000, 25000, 22953, 19152, 15347, 12093, 9026, 7146, 4747, 2255, 1084, 531, 65492, 64329, 63687, 62092, 61239, 59913, 60214, 59099, 58921, 56246, 57331, 56947, 58584, 60031, 59829, 62085, 62128, 62286, 64227, 65531, 405, 933, 846, 418, 439, 243]","[3421, 1633, 1992, 63392, 62752, 62781, 63454, 63454, 64508, 64428, 64358, 65247, 180, 587, 1584, 3035, 4045, 3409, 4888, 4588, 3785, 4107, 3569, 5648, 6809, 6030, 5739, 5092, 3662, 1909, 752, 144, 65147, 64913, 64246, 63666, 63322, 63093, 62542, 60963, 61258, 59967, 58883, 58239, 56448, 55918, 54519, 54138, 54879, 54874, 56595, 57587, 59814, 61553, 63260, 64624, 65070, 65311, 65485, 65323]"
reload,"[696, 0, 1060, 351, 636, 536, 416, 550, 478, 314, 65395, 65383, 64980, 64778, 65226, 65390, 65387, 65425, 65437, 65446, 65462, 65445, 65467, 65481, 65490, 65482, 65492, 65488, 65496, 65486, 65480, 65482, 65479, 65490, 65487, 65488, 65473, 65469, 65461, 65467, 65472, 65478, 65482, 65478, 65483, 65480, 65485, 65483, 65487, 65481, 65484, 65480, 65473, 65474, 65473, 65480, 65477, 65468, 65479, 65475]","[65297, 0, 65223, 432, 49, 65266, 65336, 65204, 65447, 65358, 599, 159, 325, 952, 577, 561, 687, 480, 519, 524, 487, 480, 473, 455, 446, 473, 452, 468, 461, 483, 471, 455, 470, 467, 499, 487, 501, 502, 494, 495, 489, 485, 484, 480, 473, 473, 469, 466, 466, 470, 461, 490, 478, 487, 488, 493, 488, 507, 477, 497]","[65408, 0, 204, 183, 46, 282, 399, 300, 272, 250, 291, 115, 133, 331, 170, 126, 184, 139, 137, 107, 101, 122, 94, 92, 100, 101, 86, 104, 93, 97, 93, 85, 94, 109, 111, 97, 114, 102, 100, 99, 104, 112, 107, 117, 113, 109, 105, 113, 96, 107, 93, 88, 99, 85, 90, 86, 85, 87, 83, 88]","[59730, 0, 64101, 63355, 2132, 4223, 5127, 8778, 12253, 20382, 20725, 11845, 23971, 7568, 62444, 3534, 2370, 64787, 1174, 64729, 65372, 572, 65517, 177, 65302, 30, 62, 65442, 65490, 40, 65435, 33, 65528, 175, 43, 65305, 144, 54, 65326, 59, 65486, 65424, 65530, 253, 65427, 255, 9, 337, 65480, 184, 307, 379, 318, 305, 234, 30, 579, 332, 65517, 357]","[63069, 0, 64409, 63177, 64509, 65508, 62199, 63151, 63567, 544, 749, 47, 5913, 62974, 61300, 65186, 665, 22, 240, 64966, 28, 12, 65223, 65518, 25, 65250, 96, 67, 65435, 89, 93, 352, 357, 299, 65488, 9, 19, 65370, 65478, 59, 196, 28, 55, 170, 65501, 65524, 33, 65500, 65425, 65480, 65385, 93, 22, 65446, 15, 65428, 189, 53, 65525, 28]","[1433, 0, 59224, 60576, 1942, 2206, 820, 61, 64006, 62007, 59283, 57575, 54950, 55119, 60147, 61697, 65178, 537, 641, 762, 626, 796, 473, 683, 142, 328, 278, 19, 38, 65444, 65476, 91, 184, 65415, 65286, 65181, 65191, 65263, 65484, 0, 159, 247, 228, 208, 234, 222, 179, 164, 8, 65457, 65407, 65353, 65380, 65369, 65355, 65497, 65512, 73, 125, 181]"
reload,"[560, 1480, 472, 165, 312, 412, 344, 280, 292, 393, 417, 461, 385, 314, 130, 65257, 64894, 64965, 65229, 65326, 65364, 65449, 65451, 65436, 65442, 65471, 65455, 65498, 65497, 65510, 65514, 65512, 65490, 65471, 65497, 65495, 65505, 65495, 65515, 65510, 65533, 65523, 0, 10, 65517, 65523, 65519, 65521, 65521, 65523, 65503, 65514, 65512, 65507, 65526, 65524, 65516, 65517, 65514, 65510]","[118, 64682, 64766, 521, 576, 27, 65412, 65440, 65500, 65474, 35, 65495, 25, 112, 65476, 318, 229, 863, 605, 687, 637, 493, 516, 539, 537, 466, 464, 449, 447, 444, 427, 473, 470, 468, 504, 514, 527, 502, 506, 465, 474, 471, 471, 413, 476, 470, 486, 477, 509, 495, 533, 493, 480, 493, 481, 492, 485, 485, 486, 494]","[65381, 222, 710, 310, 347, 353, 441, 525, 530, 475, 372, 316, 287, 206, 171, 236, 183, 195, 141, 40, 124, 119, 82, 75, 75, 55, 83, 58, 78, 91, 86, 94, 57, 69, 68, 107, 121, 115, 112, 111, 110, 111, 83, 48, 71, 88, 76, 87, 86, 70, 87, 70, 72, 66, 50, 61, 76, 62, 68, 81]","[50177, 4116, 64561, 64452, 3022, 5352, 4853, 6144, 8393, 8701, 9389, 8888, 9974, 8188, 11516, 12672, 13274, 553, 99, 4835, 788, 65180, 1202, 186, 64585, 64713, 65250, 65275, 62, 65133, 65509, 791, 611, 263, 65213, 65182, 64618, 64451, 64520, 65412, 37, 756, 646, 1021, 65413, 421, 646, 487, 450, 517, 356, 65130, 307, 206, 308, 65247, 65424, 260, 61, 986]","[63950, 6108, 2278, 63369, 63789, 62251, 62514, 62662, 60087, 60930, 61304, 63209, 63557, 63350, 1875, 1559, 1351, 62621, 63191, 76, 716, 188, 720, 806, 108, 447, 709, 465, 749, 213, 180, 118, 120, 372, 263, 431, 41, 16, 65449, 70, 119, 65437, 65199, 65253, 38, 65507, 65535, 129, 65318, 90, 0, 65340, 57, 65352, 65373, 130, 65530, 65518, 131, 67]","[51, 4045, 55948, 54887, 64551, 3559, 4093, 4612, 4642, 3368, 1798, 65298, 62218, 60551, 56450, 52564, 51490, 54086, 59095, 63426, 1323, 1252, 981, 1239, 1516, 1837, 1838, 1302, 1017, 438, 76, 65292, 65294, 65259, 65319, 65425, 291, 353, 592, 862, 450, 502, 398, 833, 65369, 65435, 65392, 65253, 65264, 65187, 65413, 92, 5, 65511, 7, 65423, 65512, 105, 65470, 65450]"
reload,"[64267, 64566, 0, 968, 1883, 692, 393, 548, 517, 334, 205, 66, 65462, 65417, 65379, 65352, 65309, 65308, 65360, 65362, 65408, 65426, 65473, 65474, 65491, 65466, 65465, 65467, 65503, 65515, 65514, 65521, 65520, 65511, 65489, 65501, 65480, 65485, 65498, 65520, 65497, 65487, 65486, 65498, 65504, 65512, 65489, 65493, 65493, 65487, 65489, 65508, 65525, 65511, 65503, 65491, 65495, 65496, 65499, 65511]","[65493, 65259, 0, 65138, 64153, 65002, 430, 65521, 65412, 65419, 65373, 65457, 157, 232, 224, 369, 375, 390, 539, 681, 586, 553, 479, 476, 493, 473, 457, 449, 435, 424, 468, 466, 479, 512, 499, 485, 479, 501, 460, 490, 495, 436, 427, 433, 497, 493, 510, 500, 482, 488, 473, 499, 498, 511, 493, 464, 446, 437, 464, 462]","[786, 335, 0, 226, 102, 65491, 161, 142, 170, 384, 465, 425, 412, 426, 355, 366, 296, 239, 101, 105, 48, 80, 123, 121, 82, 108, 124, 121, 115, 134, 141, 146, 127, 151, 172, 144, 133, 123, 100, 148, 189, 122, 99, 111, 130, 137, 142, 121, 102, 108, 107, 106, 132, 140, 117, 100, 87, 82, 81, 81]","[59453, 57996, 0, 63355, 9987, 58499, 1960, 8169, 9651, 7837, 7781, 11828, 14615, 11512, 13852, 10548, 11773, 9971, 7874, 3825, 1591, 64326, 64992, 65288, 65163, 64604, 65347, 38, 64788, 65529, 65256, 209, 615, 459, 65467, 65510, 556, 49, 301, 65069, 64998, 19, 483, 533, 166, 36, 891, 600, 73, 64, 353, 623, 65443, 65501, 129, 145, 65524, 196, 186, 71]","[62736, 62910, 0, 61281, 4340, 57724, 62854, 64315, 2519, 4126, 1483, 2222, 2568, 1580, 978, 1239, 64774, 63784, 64048, 64119, 64850, 65083, 3, 65223, 65395, 317, 65508, 64895, 64802, 65487, 65418, 65022, 65298, 190, 65372, 65073, 65253, 65227, 65504, 399, 65227, 64661, 65075, 65398, 65436, 84, 63, 65389, 65417, 14, 67, 125, 121, 65382, 65200, 65222, 65191, 65277, 65448, 88]","[6315, 7004, 0, 5569, 4170, 52444, 62441, 2075, 2652, 65217, 63795, 63219, 62796, 62227, 61948, 59997, 61758, 60978, 60372, 62807, 64965, 465, 1031, 284, 261, 262, 258, 612, 253, 353, 65046, 65315, 65233, 65147, 65498, 65458, 94, 170, 307, 52, 65368, 336, 108, 65106, 65043, 65215, 46, 113, 237, 225, 324, 309, 196, 276, 354, 423, 214, 65525, 7, 65495]"
volley,"[65522, 65369, 65369, 64050, 64050, 64402, 64520, 64761, 64748, 64793, 64747, 64643, 64437, 64099, 63769, 63723, 63990, 64419, 64993, 65254, 19, 126, 76, 94, 29, 22, 65535, 9, 65513, 4, 65447, 65506, 65400, 65456, 65313, 65374, 65269, 65242, 65144, 65174, 65139, 65079, 65081, 64912, 64953, 64958, 64979, 64998, 65016, 65039, 65051, 65075, 65077, 65086, 65075, 65095, 65105, 65101, 65096, 65097]","[64110, 63621, 63621, 470, 470, 594, 497, 234, 155, 134, 133, 351, 571, 936, 702, 134, 65215, 64753, 64759, 64909, 65024, 65352, 80, 230, 379, 405, 412, 383, 385, 398, 399, 259, 361, 203, 287, 346, 329, 385, 394, 289, 437, 385, 423, 391, 478, 464, 472, 411, 373, 330, 268, 217, 216, 165, 141, 137, 149, 167, 187, 196]","[141, 281, 281, 65464, 65464, 65387, 65384, 65427, 65473, 65475, 65489, 65372, 65412, 65294, 65382, 65481, 122, 174, 109, 128, 51, 17, 65520, 65487, 65473, 65462, 65459, 65473, 65461, 65459, 65466, 65477, 65448, 65495, 65468, 65436, 65458, 65470, 65410, 65469, 65475, 65466, 65450, 65459, 65409, 65436, 65419, 65440, 65460, 65470, 65477, 65483, 65471, 65465, 65481, 65473, 65484, 65481, 65473, 65471]","[62815, 3809, 3809, 63974, 63974, 505, 202, 1960, 1525, 737, 260, 1493, 141, 512, 64499, 65154, 63897, 63844, 64532, 64191, 682, 644, 383, 65302, 65398, 65532, 65000, 65343, 65440, 63, 157, 549, 460, 294, 1528, 65145, 64641, 64228, 63869, 65468, 1924, 1226, 97, 1200, 64845, 218, 36, 472, 458, 467, 65419, 65497, 9, 65355, 108, 209, 276, 252, 223, 65421]","[64999, 63886, 63886, 60040, 60040, 64856, 64495, 65020, 65171, 64824, 65472, 115, 1455, 2065, 3843, 4789, 4713, 2952, 840, 1937, 59, 1327, 869, 421, 524, 167, 240, 65504, 120, 352, 626, 214, 285, 65431, 489, 65011, 820, 67, 65326, 64865, 64809, 64542, 64490, 64810, 63847, 64684, 64581, 65181, 65429, 57, 65481, 65412, 65501, 128, 99, 19, 44, 65437, 65473, 65507]","[1854, 52201, 52201, 45861, 45861, 55237, 59168, 61668, 63106, 64722, 89, 2138, 4891, 8701, 16212, 19621, 20862, 19282, 14064, 10417, 6852, 3782, 993, 904, 5, 65160, 65142, 64667, 64787, 64126, 64181, 63523, 63143, 62232, 62189, 61497, 60789, 61379, 59965, 60652, 59501, 60015, 58245, 58764, 58970, 60213, 61581, 63540, 64637, 65514, 623, 650, 992, 1129, 1035, 752, 434, 168, 87, 126]"
volley,"[65116, 161, 64878, 64878, 62782, 62782, 64359, 64551, 64665, 64699, 64612, 64482, 64447, 64154, 64136, 63886, 63963, 64301, 64643, 65020, 65461, 90, 207, 202, 180, 141, 114, 122, 82, 83, 41, 80, 46, 49, 11, 65426, 65500, 65378, 65377, 65354, 65293, 65203, 65220, 65156, 65118, 65117, 65039, 65017, 65054, 65039, 65026, 65042, 65044, 65074, 65069, 65072, 65093, 65079, 65085, 65085]","[64558, 63611, 63699, 63699, 1094, 1094, 793, 440, 285, 167, 24, 23, 34, 343, 510, 309, 65260, 64919, 64847, 64809, 64937, 65115, 65405, 91, 257, 312, 383, 401, 471, 453, 419, 376, 348, 364, 330, 358, 332, 291, 465, 318, 459, 388, 456, 420, 437, 467, 484, 421, 433, 356, 433, 360, 321, 291, 256, 228, 194, 181, 190, 203]","[99, 327, 265, 265, 64906, 64906, 65342, 65411, 65457, 65461, 65469, 65513, 65454, 65405, 65272, 65393, 61, 204, 203, 97, 25, 64, 65510, 65507, 65492, 65492, 65425, 65476, 65430, 65447, 65444, 65456, 65480, 65482, 65485, 65439, 65470, 65484, 65417, 65463, 65387, 65441, 65393, 65407, 65413, 65428, 65414, 65429, 65441, 65456, 65444, 65418, 65450, 65437, 65448, 65458, 65454, 65457, 65457, 65455]","[119, 64199, 2649, 2649, 1045, 1045, 2284, 456, 1377, 1108, 491, 1707, 1512, 818, 64602, 63761, 63793, 63872, 63217, 62416, 64196, 65144, 1130, 106, 65415, 65505, 115, 203, 32, 65399, 65324, 627, 321, 1358, 710, 65448, 65068, 1054, 856, 65502, 742, 65145, 811, 168, 836, 129, 64986, 64659, 65108, 386, 1052, 120, 378, 430, 556, 296, 263, 402, 566, 403]","[591, 64507, 62227, 62227, 58791, 58791, 65328, 64935, 65178, 65102, 306, 1109, 2298, 3838, 4630, 5773, 5306, 5034, 3656, 1226, 697, 1001, 777, 1018, 901, 312, 181, 251, 124, 366, 368, 407, 674, 606, 872, 65466, 65409, 122, 64708, 64828, 64621, 64879, 63427, 64098, 63860, 64246, 64561, 64173, 64635, 259, 118, 65362, 65179, 65192, 112, 65375, 65430, 65508, 65260, 65447]","[4808, 60044, 40536, 40536, 42400, 42400, 56408, 60839, 64321, 1535, 4054, 5494, 7287, 9381, 13686, 19340, 21945, 20907, 17790, 14558, 11045, 6515, 4176, 1319, 822, 65057, 65094, 64432, 64346, 64451, 64275, 64254, 64474, 63287, 63029, 63211, 61919, 61506, 61323, 60692, 60496, 59688, 59918, 59409, 59240, 59166, 59543, 60178, 61148, 61562, 61868, 63116, 63919, 64620, 65144, 65269, 65324, 65074, 65263, 65310]"
volley,"[65407, 131, 62896, 62896, 64473, 64058, 64398, 64591, 64624, 64618, 64607, 64529, 64434, 64256, 64165, 63868, 63892, 64361, 64943, 65428, 2, 143, 87, 77, 7, 25, 65517, 65486, 65511, 65503, 65526, 65505, 65481, 65465, 65459, 65468, 65481, 65469, 65465, 65476, 65469, 65456, 65475, 65457, 65465, 65456, 65476, 65473, 65466, 65484, 65459, 65433, 65433, 65402, 65521, 65486, 65516, 65456, 65434, 65434]","[64113, 63129, 63803, 63803, 263, 705, 466, 282, 140, 65516, 65535, 65479, 65493, 278, 541, 473, 65179, 64652, 64495, 64683, 64996, 65254, 50, 337, 393, 456, 455, 469, 474, 424, 451, 462, 530, 582, 555, 518, 496, 477, 495, 459, 496, 509, 494, 505, 484, 461, 433, 429, 438, 491, 533, 556, 499, 392, 405, 339, 379, 388, 239, 363]","[339, 582, 402, 402, 169, 65284, 65294, 65403, 65427, 65440, 65485, 65493, 65499, 65427, 65255, 65270, 49, 217, 209, 216, 106, 79, 65510, 65480, 65444, 65370, 65420, 65391, 65435, 65442, 65425, 65438, 65394, 65413, 65403, 65406, 65421, 65414, 65413, 65422, 65420, 65413, 65432, 65414, 65430, 65435, 65433, 65440, 65444, 65418, 65425, 65394, 65409, 65444, 65444, 65436, 65454, 65421, 65441, 65360]","[2253, 2580, 63394, 63394, 57, 4031, 1273, 1703, 782, 1456, 711, 389, 576, 1116, 64362, 64848, 63857, 62463, 63187, 64951, 64984, 64742, 312, 65335, 694, 65403, 658, 452, 65040, 65388, 64907, 65405, 276, 411, 65334, 64992, 65165, 79, 65314, 65228, 162, 65438, 65437, 65421, 65189, 65369, 65311, 2, 208, 148, 65118, 64793, 65237, 65359, 65487, 150, 868, 64951, 1617, 370]","[65056, 61075, 59373, 59373, 61976, 574, 64239, 65065, 65367, 347, 395, 1126, 1837, 2868, 3428, 6315, 7170, 5220, 2835, 1134, 1589, 1381, 411, 405, 65515, 305, 556, 363, 66, 222, 90, 89, 57, 375, 65337, 65247, 65394, 41, 65535, 48, 318, 104, 65379, 65413, 65527, 149, 93, 408, 413, 629, 506, 543, 869, 1031, 1001, 2162, 1940, 1758, 1852, 743]","[64255, 46337, 40536, 40536, 51088, 53610, 59526, 62595, 548, 2740, 4234, 5858, 7525, 9501, 13037, 18736, 21655, 20603, 15871, 12128, 7415, 3553, 1519, 65449, 85, 65179, 65041, 65266, 65380, 65248, 65343, 64941, 64509, 64766, 64930, 65361, 65377, 65363, 65395, 19, 65268, 65359, 65397, 65455, 108, 149, 225, 65448, 65514, 247, 201, 65363, 762, 1457, 1779, 873, 1085, 193, 65438, 70]"
rainbomb,"[64517, 65426, 65426, 65267, 65320, 109, 243, 0, 0, 205, 180, 94, 59, 65531, 65461, 65409, 65311, 65211, 65004, 64607, 63780, 62142, 61724, 63584, 64821, 65106, 65068, 65051, 64999, 65099, 65142, 65130, 65258, 65302, 65446, 65488, 65408, 65286, 65126, 65057, 65022, 64918, 64926, 64825, 64863, 64858, 64906, 64971, 64996, 64986, 65010, 65049, 65083, 65089, 65063, 65036, 65020, 65020, 65032, 65051]","[1016, 1320, 1320, 79, 65281, 65219, 65312, 0, 0, 65454, 65534, 65515, 1, 65459, 65452, 65409, 65485, 37, 176, 173, 126, 64956, 63905, 377, 64576, 65254, 65071, 65275, 65455, 65459, 65509, 65506, 65519, 19, 61, 101, 168, 302, 287, 254, 304, 318, 320, 370, 269, 219, 321, 393, 366, 262, 190, 162, 147, 144, 132, 131, 133, 126, 118, 113]","[64000, 63687, 63687, 64262, 64294, 64582, 65083, 0, 0, 65109, 65024, 64997, 64897, 64796, 64632, 64498, 64283, 64077, 63945, 64044, 63934, 63756, 599, 1726, 537, 352, 384, 444, 383, 257, 202, 160, 137, 162, 208, 203, 235, 200, 253, 168, 143, 77, 77, 39, 65459, 65355, 65359, 65383, 65424, 65450, 65455, 65473, 65486, 65490, 65495, 65496, 65489, 65492, 65498, 65506]","[55050, 40991, 40991, 55708, 61613, 66, 65268, 0, 0, 65105, 64306, 896, 1660, 2194, 3084, 4493, 5948, 6990, 7368, 4641, 684, 48224, 46694, 53686, 3376, 61089, 56832, 875, 1006, 859, 1882, 2438, 4286, 6254, 7158, 7966, 9978, 8026, 5935, 7175, 8857, 9546, 10204, 10921, 10488, 14281, 13930, 8487, 3142, 538, 423, 503, 450, 453, 303, 16, 65385, 65525, 15, 65230]","[40536, 48972, 48972, 34, 4309, 7389, 7322, 0, 0, 59167, 57583, 57416, 56816, 56521, 57029, 57073, 60242, 1538, 13656, 25000, 25000, 25000, 25000, 11400, 58690, 16, 4976, 2164, 63833, 62147, 60734, 60038, 60203, 63782, 1285, 4982, 5819, 5254, 5271, 4068, 3846, 2676, 2194, 65395, 62480, 60901, 62212, 64912, 770, 580, 106, 250, 524, 429, 222, 73, 65426, 89, 298, 298]","[4814, 21681, 21681, 8885, 4508, 64826, 421, 0, 0, 64555, 62656, 62425, 60709, 58226, 55574, 50067, 46961, 42580, 40536, 40536, 40539, 43701, 40536, 57462, 11420, 65228, 63592, 1145, 3272, 5323, 5938, 6852, 7579, 6623, 4675, 2188, 392, 62492, 60651, 59566, 59262, 58314, 58339, 58744, 58858, 60000, 59456, 59248, 61874, 64455, 291, 949, 1107, 1184, 1326, 1263, 1422, 1883, 2273, 2442]"
rainbomb,"[63754, 62924, 64492, 64457, 64814, 64814, 65372, 65372, 199, 137, 22, 65459, 65451, 65419, 65430, 65339, 65318, 65060, 64914, 64255, 62425, 61774, 63862, 64948, 64863, 64922, 64956, 65025, 65099, 65146, 65177, 65258, 65345, 65393, 65475, 65416, 65495, 65436, 65408, 65310, 65113, 65074, 65036, 64980, 64934, 64963, 64988, 65005, 65006, 64992, 64971, 65005, 65021, 65050, 65075, 65074, 65049, 65040, 65042, 65042]","[1443, 1112, 1480, 636, 306, 306, 65369, 65369, 65360, 65340, 65364, 65428, 65490, 65483, 103, 173, 284, 314, 415, 120, 65151, 63976, 628, 64639, 65277, 65094, 65368, 65442, 65468, 65432, 65491, 65412, 65509, 65524, 8, 36, 163, 205, 403, 376, 509, 498, 401, 392, 395, 346, 342, 280, 217, 240, 280, 257, 212, 174, 154, 140, 139, 132, 120, 120]","[65005, 64534, 63479, 63744, 64058, 64058, 64485, 64485, 65097, 64958, 64811, 64750, 64631, 64628, 64492, 64497, 64332, 64354, 64379, 63970, 64189, 683, 1363, 566, 591, 629, 521, 464, 354, 260, 142, 126, 154, 235, 216, 205, 186, 152, 257, 315, 282, 249, 282, 278, 195, 88, 38, 21, 65533, 65522, 0, 65513, 65509, 65508, 65506, 65510, 65513, 65513, 65505, 65502]","[53743, 50404, 61355, 46054, 56654, 56654, 64429, 64429, 1347, 1146, 1665, 2401, 3000, 3460, 5645, 6496, 6568, 5552, 3614, 65131, 52343, 42558, 56524, 6630, 59017, 59462, 3413, 1404, 64391, 64986, 509, 1664, 4113, 2577, 5124, 8899, 10174, 10840, 10310, 7825, 7354, 3968, 5751, 5701, 5849, 8017, 8080, 6217, 6425, 6616, 5424, 2389, 704, 257, 55, 65089, 64852, 65167, 285, 740]","[40536, 40536, 40536, 47779, 62345, 62345, 7316, 7316, 64810, 60119, 59186, 58974, 59884, 60709, 63442, 537, 5935, 15488, 25000, 25000, 25000, 25000, 10577, 65376, 4792, 1686, 63426, 61915, 61101, 59562, 57303, 58592, 60352, 63527, 64328, 1534, 2588, 4955, 5877, 7488, 4621, 3897, 3808, 2352, 533, 65305, 65143, 64954, 65373, 735, 284, 65376, 65477, 65185, 65257, 234, 280, 65474, 65286, 65270]","[61300, 64777, 16456, 20647, 13106, 13106, 5410, 5410, 1355, 65419, 62368, 59675, 56820, 53231, 49999, 48224, 46768, 46279, 47630, 47008, 48752, 41881, 58275, 12636, 63001, 61709, 2358, 2700, 2892, 4115, 5279, 6265, 5802, 4087, 1958, 1406, 64500, 62492, 60440, 59093, 57127, 56650, 57987, 58098, 57918, 58351, 59540, 60712, 60815, 61497, 63023, 64208, 65385, 495, 727, 838, 836, 1242, 1828, 2188]"
rainbomb,"[62693, 63085, 63085, 0, 0, 0, 65420, 58, 58, 57, 65530, 65503, 65410, 65408, 65411, 65369, 65347, 65319, 65159, 64973, 64720, 63857, 63027, 61612, 63330, 64483, 64371, 64428, 64775, 64835, 65037, 65167, 65246, 65198, 65171, 65162, 65222, 65223, 65343, 65351, 65348, 65244, 65185, 65017, 64962, 64860, 64948, 64908, 64878, 64928, 64973, 64994, 65014, 65021, 65015, 65033, 65059, 65079, 65070, 65051]","[1231, 413, 413, 0, 0, 0, 65371, 65397, 65397, 65337, 65342, 65402, 65435, 65492, 65491, 7, 65525, 65534, 118, 271, 297, 255, 65277, 64187, 1049, 64507, 64974, 65143, 65303, 65431, 65322, 65405, 65407, 65532, 24, 65494, 65463, 65494, 65457, 17, 112, 168, 317, 491, 494, 669, 525, 470, 477, 375, 453, 444, 371, 299, 236, 170, 81, 63, 62, 91]","[64797, 63639, 63639, 0, 0, 0, 64887, 65077, 65077, 65005, 64909, 64904, 64900, 64832, 64757, 64615, 64496, 64291, 64219, 64320, 64189, 64213, 63574, 64361, 1566, 230, 466, 806, 335, 328, 322, 149, 146, 167, 110, 40, 30, 65523, 94, 64, 133, 87, 60, 33, 53, 42, 19, 65502, 65506, 65452, 65429, 65441, 65471, 65494, 65502, 65507, 65501, 65487, 65480, 65481]","[49380, 5926, 5926, 0, 0, 0, 61522, 63999, 63999, 62731, 64642, 63583, 63701, 64332, 65128, 2396, 3460, 4765, 4756, 4455, 3424, 64399, 60030, 50039, 53128, 61948, 529, 58561, 61, 1377, 64322, 65195, 250, 65134, 62867, 64028, 2070, 4924, 8014, 9839, 9918, 10627, 12005, 11322, 12939, 12047, 9196, 13236, 11088, 11339, 9741, 3605, 65103, 62954, 62809, 63489, 201, 2284, 2565, 903]","[40536, 40536, 40536, 0, 0, 0, 7065, 3715, 3715, 63116, 61497, 61081, 60444, 61178, 61873, 62923, 63757, 1185, 7379, 15545, 25000, 25000, 25000, 25000, 24352, 59396, 13196, 1513, 63348, 655, 62656, 61666, 63528, 63003, 60259, 57731, 57191, 58764, 64684, 2668, 4937, 4116, 2861, 1534, 64382, 62302, 61940, 63834, 62835, 62527, 64091, 145, 1290, 2090, 1599, 395, 64878, 64896, 65123, 65528]","[2481, 16175, 16175, 0, 0, 0, 6548, 3029, 3029, 2139, 5, 63951, 62024, 60365, 56814, 54859, 51885, 47663, 44066, 43528, 44311, 46983, 52373, 43440, 42553, 10610, 1337, 56106, 836, 2347, 65533, 800, 1559, 2204, 3667, 6167, 7754, 8222, 6625, 2314, 65021, 61879, 58670, 57971, 60530, 58427, 55919, 54888, 55566, 57550, 58661, 60693, 61970, 63395, 64794, 801, 2361, 2579, 2447, 1963]"
shield,"[63380, 62083, 62065, 63273, 64238, 65035, 74, 176, 365, 391, 331, 385, 388, 367, 324, 201, 65457, 65216, 64935, 64296, 64030, 63228, 62636, 62282, 63759, 64442, 64648, 64958, 65024, 65009, 65028, 65051, 65103, 65084, 65056, 65082, 65075, 65068, 65075, 65079, 65091, 65072, 65060, 65063, 65077, 65077, 65062, 65043, 65045, 65074, 65073, 65072, 65073, 65062, 65047, 65039, 65045, 65056, 65085, 65081]","[1642, 1388, 353, 64721, 64884, 64491, 64805, 15, 65457, 147, 15, 32, 65470, 65493, 65532, 65249, 64926, 64894, 64760, 65022, 65302, 65472, 206, 65361, 2122, 65351, 503, 432, 81, 65520, 65477, 65381, 65331, 65370, 65351, 65332, 65376, 65358, 65357, 65430, 65444, 65453, 65495, 65508, 65489, 65483, 65460, 65460, 65476, 65471, 65491, 65478, 65492, 65498, 65513, 65510, 65503, 65507, 65497, 65498]","[64420, 64708, 141, 366, 470, 298, 287, 391, 344, 399, 337, 270, 235, 235, 227, 309, 323, 331, 134, 65388, 65125, 64649, 64667, 69, 65535, 109, 65494, 65419, 65490, 65533, 0, 3, 65534, 13, 28, 14, 41, 49, 47, 36, 55, 76, 79, 85, 73, 66, 70, 70, 73, 84, 95, 102, 94, 89, 91, 94, 100, 85, 70, 65]","[12451, 2434, 54116, 55755, 60574, 55643, 65434, 62308, 62050, 64060, 63826, 64716, 63043, 65078, 65205, 60847, 60512, 62166, 2153, 11861, 5811, 13722, 56720, 60481, 5047, 14806, 6002, 65457, 4711, 2021, 234, 64494, 508, 530, 470, 65440, 64783, 64542, 637, 1322, 1609, 2514, 2515, 1557, 1190, 946, 502, 65256, 64416, 64277, 64259, 64742, 65143, 65373, 65331, 65407, 464, 1140, 1144, 761]","[8186, 25000, 22206, 15961, 11015, 4917, 5024, 2286, 358, 126, 63399, 63721, 64120, 65014, 390, 360, 995, 522, 1306, 1570, 62391, 6365, 6794, 16487, 5713, 9035, 647, 64331, 1815, 2774, 579, 64415, 64826, 65241, 64381, 63652, 63181, 62270, 62318, 63405, 64999, 515, 607, 398, 65530, 110, 234, 150, 222, 316, 395, 196, 65501, 65482, 65425, 65457, 65434, 65176, 65088, 65422]","[25000, 25000, 25000, 25000, 22740, 14905, 4312, 531, 723, 65035, 1229, 675, 65024, 64556, 64854, 64097, 60964, 51181, 42489, 40536, 40536, 40536, 40536, 40536, 51638, 65276, 58410, 62685, 1638, 758, 1293, 2195, 2063, 2315, 2319, 2172, 2018, 2137, 2125, 1509, 1763, 1567, 1474, 1760, 1958, 2063, 1889, 1226, 608, 115, 65279, 65082, 64648, 64571, 64352, 64425, 64714, 65060, 65215, 65083]"
shield,"[64034, 63120, 63120, 63120, 62910, 64549, 65216, 79, 246, 313, 361, 368, 389, 412, 346, 416, 442, 378, 310, 272, 65485, 65144, 64816, 64364, 64006, 63478, 62851, 62879, 63784, 64499, 64716, 65003, 64992, 64994, 65034, 65051, 65086, 65050, 65055, 65068, 65083, 65058, 65038, 65036, 65041, 65065, 65084, 65063, 65053, 65064, 65069, 65069, 65071, 65073, 65070, 65076, 65072, 65068, 65052, 65058]","[1396, 1178, 1178, 1178, 63844, 64321, 64988, 102, 65320, 65515, 65, 107, 65445, 65505, 140, 50, 58, 65511, 65332, 65222, 65077, 64829, 64808, 65166, 65408, 65387, 558, 242, 1871, 196, 447, 426, 171, 30, 25, 65448, 65385, 65407, 65371, 65386, 65423, 65441, 65467, 65487, 65499, 65508, 65459, 65459, 65494, 65501, 65519, 1, 9, 20, 1, 65516, 65530, 65529, 13, 16]","[64669, 64214, 64214, 64214, 324, 156, 292, 352, 322, 421, 307, 231, 280, 202, 239, 264, 281, 366, 287, 363, 380, 270, 20, 65285, 65020, 64633, 65052, 65177, 65327, 213, 65519, 65381, 65485, 65534, 10, 7, 42, 70, 75, 57, 53, 50, 40, 43, 52, 49, 65, 70, 61, 66, 60, 54, 53, 60, 60, 71, 75, 87, 101, 70]","[11559, 4955, 4955, 4955, 44602, 63690, 63238, 63036, 62392, 65139, 65258, 64739, 63967, 363, 64175, 176, 64165, 64340, 64283, 527, 62688, 63342, 7597, 13479, 10100, 10889, 4424, 53469, 9768, 12592, 9586, 3931, 5426, 4730, 963, 63291, 63230, 63298, 63460, 63925, 65511, 800, 531, 338, 7, 65221, 29, 1129, 636, 65102, 64378, 64880, 183, 141, 65271, 65252, 65467, 150, 595, 234]","[59330, 12885, 12885, 12885, 12369, 8672, 6151, 2404, 1133, 65343, 64068, 64796, 64252, 65261, 190, 415, 491, 175, 64615, 964, 1393, 308, 64446, 63863, 60552, 4271, 62720, 3774, 5629, 4931, 62635, 63784, 2368, 3073, 1062, 80, 631, 171, 64969, 64571, 64902, 65129, 65118, 64931, 64491, 64354, 64934, 65361, 65301, 65216, 65266, 65456, 247, 393, 286, 315, 341, 405, 20, 65388]","[15061, 25000, 25000, 25000, 25000, 18305, 8632, 4066, 4741, 1596, 1363, 1265, 1479, 65244, 898, 332, 991, 705, 296, 62359, 58043, 51718, 42030, 40536, 40536, 40536, 40536, 40536, 49903, 664, 59626, 64418, 1607, 1560, 1677, 1935, 989, 835, 863, 350, 697, 1249, 1004, 1573, 1976, 2365, 2909, 2662, 2168, 1683, 1010, 988, 1166, 1068, 867, 308, 64945, 64551, 64302, 64249]"
shield,"[64044, 63386, 61776, 61776, 61776, 64335, 64335, 65251, 182, 302, 375, 279, 355, 390, 361, 359, 337, 332, 240, 42, 65272, 65026, 64433, 63987, 63535, 62696, 63022, 62938, 64339, 64521, 64932, 65010, 65003, 64967, 65004, 65069, 65068, 65070, 65059, 65057, 65058, 65072, 65073, 65061, 65063, 65057, 65054, 65057, 65058, 65057, 65056, 65048, 65049, 65051, 65064, 65064, 65056, 65049, 65060, 65058]","[1544, 1417, 1480, 1480, 1480, 64620, 64620, 65105, 23, 65521, 65378, 113, 132, 65510, 65439, 65517, 4, 65503, 65343, 65134, 64872, 64816, 64864, 65285, 65425, 671, 223, 446, 1350, 246, 219, 358, 265, 44, 65482, 65408, 65369, 65370, 65362, 65370, 65416, 65436, 65439, 65465, 65462, 65456, 65470, 65480, 65467, 65481, 65487, 65501, 65499, 65503, 65500, 65500, 65513, 65509, 65507, 65506]","[64885, 64519, 64577, 64577, 64577, 419, 419, 261, 236, 297, 373, 413, 313, 333, 377, 347, 295, 279, 346, 409, 445, 325, 25, 65247, 64977, 65068, 65060, 65320, 65392, 45, 65403, 65406, 65424, 65516, 30, 44, 56, 52, 15, 1, 3, 65530, 1, 7, 0, 0, 8, 14, 23, 28, 23, 23, 27, 34, 35, 36, 34, 30, 18, 32]","[19201, 8570, 7295, 7295, 7295, 61963, 61963, 61947, 63603, 61832, 62207, 391, 65382, 63679, 64993, 26, 373, 64238, 62072, 62895, 64577, 289, 7059, 7728, 1612, 12419, 54625, 2840, 10811, 9054, 6725, 3419, 153, 65058, 65075, 64468, 64195, 63647, 64051, 64584, 64799, 65388, 280, 239, 306, 797, 522, 65464, 57, 315, 634, 829, 774, 44, 65327, 391, 197, 65439, 65426, 65433]","[57092, 7850, 25000, 25000, 25000, 10600, 10600, 3229, 2129, 1654, 2288, 389, 64622, 65531, 305, 65119, 65285, 65329, 65313, 65195, 62587, 61885, 62635, 60171, 215, 2174, 3448, 14841, 7914, 3953, 65456, 102, 693, 595, 65314, 65418, 65459, 65013, 64672, 64953, 64954, 65101, 65290, 65104, 64935, 65252, 65302, 65208, 65382, 65466, 65467, 120, 65453, 65359, 65490, 65424, 65277, 65054, 65449, 151]","[17709, 25000, 25000, 25000, 25000, 21528, 21528, 6566, 995, 3827, 1171, 540, 1459, 1710, 947, 65334, 439, 357, 64993, 62882, 55266, 46115, 40536, 40536, 40536, 40536, 40536, 40536, 54145, 3501, 62106, 63136, 443, 2483, 2847, 2631, 2056, 1795, 1650, 1158, 814, 920, 1042, 759, 843, 933, 477, 419, 596, 289, 491, 506, 424, 204, 47, 156, 234, 205, 26, 90]"
logout,"[63701, 62826, 61749, 0, 63337, 63337, 64853, 65087, 65102, 65216, 65230, 65274, 65233, 65079, 64649, 64050, 63786, 63049, 63164, 63485, 63208, 64111, 64110, 63984, 64164, 64427, 64850, 65097, 65261, 65325, 65322, 65370, 65445, 65443, 65415, 65063, 64735, 64140, 63671, 63520, 63652, 64374, 64546, 64821, 65060, 65153, 65197, 65215, 65175, 65195, 65231, 65048, 64837, 64753, 64798, 64916, 64961, 64996, 65010, 65016]","[1861, 2046, 1237, 0, 64984, 64984, 65021, 65281, 65175, 65013, 64779, 64658, 64609, 64568, 64846, 65284, 65517, 388, 765, 1276, 1562, 1389, 1830, 1278, 988, 514, 45, 65467, 65411, 65289, 65200, 65089, 64851, 64785, 64596, 64879, 64992, 65274, 14, 176, 987, 1095, 714, 533, 323, 148, 48, 55, 7, 20, 152, 92, 139, 254, 212, 151, 235, 235, 204, 173]","[1216, 753, 855, 0, 330, 330, 65492, 74, 175, 141, 65528, 65246, 65040, 64981, 65146, 65264, 65141, 65353, 248, 65260, 65495, 65320, 65219, 65145, 64970, 65056, 65279, 65304, 65327, 65305, 65319, 65290, 65297, 65340, 65252, 65325, 65344, 65449, 23, 422, 550, 456, 598, 394, 180, 75, 4, 14, 81, 80, 175, 198, 182, 187, 128, 19, 22, 14, 40, 44]","[13719, 13005, 14182, 0, 2700, 2700, 7068, 4068, 63240, 64772, 2052, 6556, 6033, 1789, 949, 252, 64109, 56685, 207, 58087, 42251, 62807, 55397, 42175, 43120, 40536, 40776, 44240, 49520, 51873, 53209, 55504, 62772, 61427, 62527, 2760, 8754, 7367, 63971, 58600, 7506, 4413, 3029, 4606, 6059, 4555, 5061, 5077, 2716, 2498, 65263, 64511, 1793, 785, 308, 5587, 8307, 6265, 4480, 3269]","[1056, 57638, 60370, 0, 58668, 58668, 58580, 62075, 61603, 59912, 58417, 57264, 58629, 62394, 711, 20, 3515, 8082, 1966, 62402, 1789, 7240, 12942, 5761, 64689, 62490, 60134, 57019, 56454, 58124, 60660, 61626, 65289, 65073, 2620, 8188, 11330, 15196, 13240, 17150, 5903, 4686, 3543, 65525, 63777, 62990, 62907, 65355, 2147, 3414, 7292, 10940, 8351, 2522, 64267, 63760, 679, 2438, 2410, 943]","[7286, 25000, 25000, 0, 25000, 25000, 19130, 15988, 12681, 9615, 5511, 64043, 58427, 48905, 40536, 40536, 40536, 40536, 40536, 40536, 46536, 61947, 3327, 13506, 22038, 25000, 23512, 15627, 13537, 11324, 5748, 1733, 64814, 61517, 52977, 45143, 40536, 40536, 40536, 40536, 47091, 57792, 62629, 1477, 4772, 5287, 5395, 4564, 1112, 63404, 59809, 56997, 56407, 56115, 58306, 61098, 62661, 63987, 64626, 94]"
logout,"[63616, 62521, 61707, 61924, 62517, 63943, 64602, 64939, 65123, 65214, 65367, 65327, 65189, 65158, 65077, 64750, 64447, 63838, 63452, 62724, 62169, 63835, 63369, 64164, 64003, 63957, 64500, 64836, 65080, 65184, 65294, 65344, 65415, 65363, 65272, 65079, 64863, 64238, 63687, 62823, 63330, 63847, 64390, 64699, 64856, 64973, 65077, 65139, 65102, 65064, 65065, 64999, 65020, 65007, 64933, 64944, 65011, 64934, 65000, 65112]","[1228, 896, 553, 65306, 28, 64785, 64934, 65273, 65176, 65047, 64979, 64808, 64811, 64679, 64593, 64986, 65220, 65179, 431, 28, 1580, 1220, 1902, 1955, 1701, 1030, 640, 267, 65492, 65368, 65262, 65198, 64917, 64844, 64740, 64923, 64796, 65264, 65420, 65438, 705, 1288, 797, 605, 474, 232, 65468, 52, 66, 65491, 70, 64, 49, 86, 94, 78, 217, 445, 164, 75]","[1110, 1049, 489, 362, 225, 65465, 65465, 65415, 65426, 11, 30, 65505, 65379, 65105, 64934, 65237, 65389, 65263, 65095, 65362, 65431, 64665, 65318, 65135, 65090, 64918, 64903, 65181, 65313, 65233, 65120, 65155, 65215, 65279, 65276, 65270, 65041, 65113, 65292, 275, 496, 334, 528, 448, 272, 183, 24, 65459, 0, 53, 82, 175, 131, 122, 130, 112, 82, 64, 39, 65473]","[57950, 7768, 15875, 14366, 3818, 301, 4000, 2801, 63008, 63475, 64200, 2510, 3935, 2887, 4390, 6251, 62383, 63181, 57010, 2446, 59830, 40536, 64017, 53561, 43697, 40536, 40536, 40536, 40934, 47174, 51261, 55070, 56105, 58748, 60171, 65181, 7310, 9674, 65278, 682, 6141, 4889, 3905, 3090, 4699, 3653, 7244, 8430, 2570, 2076, 1288, 61619, 63041, 62673, 547, 3193, 23024, 10758, 64429, 65267]","[2873, 51762, 42127, 42252, 50126, 53982, 57386, 59543, 62353, 62242, 60603, 58720, 55439, 54107, 57688, 60101, 59827, 61670, 61693, 5872, 54310, 61465, 11764, 8494, 10112, 65121, 63999, 64339, 60265, 55633, 56460, 63839, 186, 1956, 3425, 4045, 10129, 16926, 19355, 25000, 9405, 8965, 5566, 2777, 1859, 64843, 63739, 1248, 3048, 3734, 3614, 3723, 492, 2065, 3390, 2425, 3782, 991, 61285, 63293]","[64171, 22788, 25000, 25000, 25000, 25000, 21124, 15262, 13019, 10216, 7282, 3155, 64453, 59791, 51655, 44788, 40536, 40536, 40536, 40536, 40536, 43257, 54073, 302, 12166, 23657, 25000, 24768, 17703, 11901, 9157, 3865, 1181, 62385, 58396, 53529, 41818, 40536, 40536, 40536, 42269, 50643, 59759, 62324, 680, 3473, 4880, 2991, 1387, 65449, 64018, 62733, 61184, 60987, 61822, 63251, 65197, 2340, 2336, 281]"
logout,"[64071, 63097, 62433, 62560, 63456, 0, 64858, 65151, 65213, 65266, 65346, 65344, 65339, 65258, 65201, 64929, 64534, 63905, 63457, 62469, 63269, 63521, 64109, 63983, 64343, 64288, 64314, 64567, 64992, 65068, 65147, 65322, 65377, 65333, 65320, 65283, 65146, 64764, 64400, 63810, 63482, 62718, 63280, 64341, 64505, 64867, 64999, 65079, 65174, 65189, 65212, 65085, 65103, 64987, 64874, 64882, 64844, 64891, 64963, 64989]","[1641, 1480, 954, 469, 65197, 0, 65134, 65141, 65314, 65211, 65073, 64923, 64910, 64716, 64574, 64707, 65245, 65398, 65156, 601, 1177, 654, 1605, 2406, 1794, 984, 1008, 466, 177, 33, 65358, 65258, 65235, 64961, 64765, 64508, 64766, 64875, 64894, 65146, 424, 14, 1148, 1547, 780, 491, 249, 125, 65503, 65436, 65514, 65482, 54, 86, 65512, 192, 191, 148, 187, 160]","[1117, 1226, 941, 696, 189, 0, 65421, 65395, 65500, 18, 21, 65509, 65447, 65342, 65160, 65172, 65423, 65410, 64828, 65215, 64609, 65290, 64946, 65170, 65002, 64627, 64576, 64783, 65046, 65207, 65247, 65209, 65195, 65243, 65279, 65295, 65434, 65478, 65263, 64725, 65011, 481, 547, 258, 657, 446, 243, 158, 31, 65450, 65437, 65528, 45, 152, 100, 66, 70, 2, 65504, 65511]","[14393, 7607, 13777, 10084, 5590, 0, 11, 427, 65163, 63740, 1454, 4905, 9057, 5823, 3034, 4061, 1598, 1145, 9413, 2764, 40536, 47444, 44061, 62328, 50262, 51297, 40536, 40536, 40536, 45446, 46921, 50892, 54038, 57399, 62134, 64651, 63428, 65363, 11185, 22615, 61901, 62760, 17325, 101, 4303, 3360, 2087, 3566, 5242, 8402, 6353, 3263, 3947, 64488, 778, 1369, 64674, 3067, 6543, 4654]","[64172, 58550, 54501, 56632, 54669, 0, 59997, 61841, 63804, 62857, 61579, 60019, 57996, 54953, 54447, 55366, 54460, 49070, 47155, 47628, 47788, 61526, 63883, 10724, 6419, 6274, 6704, 2050, 63310, 63822, 60490, 60943, 64898, 2756, 5141, 5575, 9792, 13013, 10303, 12530, 13593, 23178, 2079, 4766, 5138, 378, 64928, 63850, 63584, 65453, 2713, 5082, 4230, 5323, 3878, 2971, 2693, 2408, 3096, 2741]","[13232, 25000, 25000, 25000, 25000, 0, 18910, 12683, 10552, 9603, 8471, 5683, 4358, 1384, 55574, 46255, 40536, 40536, 40536, 40536, 40536, 40536, 48828, 58159, 10565, 16616, 25000, 25000, 24660, 21440, 16577, 9411, 7348, 4711, 831, 59416, 50412, 44064, 40536, 40536, 40536, 40536, 49851, 55893, 64392, 1876, 2410, 3421, 3789, 2772, 64651, 62893, 60803, 58877, 58680, 57261, 58771, 62509, 65019, 1004]"
